
{
    "swagger": "2.0",
    "info": {
      "version": "1.0.0"
    },
    "host": "localhost:3000",
    "basePath": "/api/v1",
    "schemes": ["http"],
    "produces": ["application/json"],
    "paths": {
        "/countries": {
            "get": {
              "tags": ["Get All Countries"],
              "summary": "Get All Country details",
              "responses": {
                "200": {
                  "description": "OK"
                },
                "400": {
                  "description": "Bad request"
                }
              },
              "content": {
                "application/json": {}
              }
            }
          },
      "/countries/{id}": {
        "get": {
          "tags": ["Search Countries"],
          "summary": "Search by id",
          "responses": {
            "200": {
              "description": "OK"
            },
            "400": {
              "description": "Bad request"
            }
          },
          "content": {
            "application/json": {}
          },
          "parameters": [
            {
              "name": "id",
              "in": "path",
              "description": "Specifies the query string",
              "required": true,
              "type": "integer"
            }
          ]
        }
      }
    }
  }